{"cameraMode":{"drawMode":0,"name":"Shaded","section":"Shading Mode"},"sceneLighting":false,"audioPlay":false,"sceneViewState":{"showFog":true,"showMaterialUpdate":true,"showSkybox":false,"showFlares":true,"showImageEffects":true,"showParticleSystems":true},"in2DMode":false,"pivot":{"x":4.8739471435546879,"y":3.786328077316284,"z":-7.460870265960693},"rotation":{"x":-0.04808705300092697,"y":0.6921472549438477,"z":-0.046309810131788257,"w":-0.7186744213104248},"size":15.478798866271973,"orthographic":false}