{"cameraMode":{"drawMode":0,"name":"Shaded","section":"Shading Mode"},"sceneLighting":false,"audioPlay":false,"sceneViewState":{"showFog":true,"showMaterialUpdate":true,"showSkybox":false,"showFlares":true,"showImageEffects":true,"showParticleSystems":true},"in2DMode":false,"pivot":{"x":0.010000228881835938,"y":4.220999717712402,"z":-15.899999618530274},"rotation":{"x":-0.00003473273682175204,"y":0.9996346235275269,"z":-0.0013092836597934366,"w":-0.027195731177926065},"size":7.431614398956299,"orthographic":false}