{"cameraMode":{"drawMode":0,"name":"Shaded","section":"Shading Mode"},"sceneLighting":true,"audioPlay":false,"sceneViewState":{"showFog":true,"showMaterialUpdate":true,"showSkybox":true,"showFlares":true,"showImageEffects":true,"showParticleSystems":true},"in2DMode":false,"pivot":{"x":108.35860443115235,"y":11.160998344421387,"z":153.27488708496095},"rotation":{"x":-0.04808705300092697,"y":0.6921472549438477,"z":-0.046309810131788257,"w":-0.7186744213104248},"size":194.96043395996095,"orthographic":false}